{"cameraMode":{"drawMode":0,"name":"Shaded","section":"Shading Mode"},"sceneLighting":true,"audioPlay":false,"sceneViewState":{"m_AlwaysRefresh":false,"showFog":true,"showSkybox":true,"showFlares":true,"showImageEffects":true,"showParticleSystems":true,"showVisualEffectGraphs":true,"m_FxEnabled":true},"in2DMode":false,"pivot":{"x":13.646045684814454,"y":-8.928762435913086,"z":35.44889450073242},"rotation":{"x":0.16895656287670136,"y":0.18332016468048097,"z":-0.03197620436549187,"w":0.9679186344146729},"size":24.580080032348634,"orthographic":false}